"Time_Iter","Outer_Iter","Inner_Iter",    "rms[Rho]"    ,    "rms[RhoU]"   ,    "rms[RhoV]"   ,    "rms[RhoE]"   ,     "rms[nu]"    
          0,           0,           0,      -3.838432436,      -16.65547983,      -16.92457746,      -3.231266435,      -10.08405846
          0,           0,           1,      -3.365168043,      -3.338056972,      -3.878967992,      -2.758370129,      -9.730733754
          0,           0,           2,      -3.516427917,      -3.514293182,       -4.02111507,      -2.907485136,      -9.535407049
          0,           0,           3,      -3.698400248,      -3.694502699,      -4.205351136,      -3.086879951,      -9.293871624
          0,           0,           4,       -4.00295465,      -3.895856225,      -4.230313323,      -3.386553186,      -9.028415997
          0,           0,           5,      -4.191695005,      -3.986278716,      -4.214450826,      -3.575701778,      -8.751182485
          0,           0,           6,      -4.206614294,      -4.075731917,      -4.216032553,      -3.593370171,      -9.135267196
          0,           0,           7,      -4.189945451,       -4.13097809,      -4.225343952,      -3.574604454,      -8.901981527
          0,           0,           8,      -4.183242269,      -4.154975551,      -4.238747437,      -3.563086807,      -8.632880617
          0,           0,           9,      -4.188482422,      -4.165897223,       -4.26076098,      -3.563678087,      -9.222571636
          0,           0,          10,      -4.206641794,      -4.178461955,       -4.29471975,      -3.578483155,      -9.135698159
          0,           0,          11,      -4.239231021,      -4.197847805,      -4.340658013,      -3.609443943,      -8.979471574
          0,           0,          12,      -4.285386863,      -4.222514391,      -4.395065821,      -3.656003375,      -8.807598677
          0,           0,          13,       -4.34199118,      -4.249024027,      -4.452244279,      -3.715390421,      -8.707860553
          0,           0,          14,      -4.403174811,      -4.274122773,      -4.505332555,        -3.7818141,      -8.700404808
          0,           0,          15,      -4.460393248,      -4.295980165,      -4.549778658,      -3.845897864,       -8.70618643
          0,           0,          16,      -4.504846557,      -4.314667972,      -4.586320651,      -3.897028054,       -8.64676564
          0,           0,          17,       -4.53157197,      -4.331113551,      -4.619398312,      -3.929127059,      -8.862648996
          0,           0,          18,      -4.540803403,      -4.345195345,      -4.653447655,       -3.94286501,      -8.766472555
          0,           0,          19,      -4.537466936,      -4.354771983,      -4.689046126,      -3.943436671,       -8.78500819
          0,           0,          20,      -4.529584795,      -4.361802244,      -4.721304692,      -3.938471056,      -8.846945657
          0,           0,          21,      -4.522222198,      -4.370076089,       -4.74847858,      -3.932752461,      -8.810282284
          0,           0,          22,      -4.511199105,      -4.374121804,      -4.769561473,      -3.920664729,      -8.816693705
          0,           0,          23,      -4.489287184,      -4.368051056,      -4.780903091,      -3.893874614,      -8.784419571
          0,           0,          24,      -4.460597809,       -4.35661236,      -4.784016087,      -3.859544238,       -8.71201162
          0,           0,          25,      -4.429204351,      -4.339900728,      -4.780502754,      -3.822566538,       -8.71195944
          0,           0,          26,      -4.397749391,      -4.317733061,      -4.770244791,      -3.785704644,      -8.760419652
          0,           0,          27,       -4.36324962,      -4.296716217,      -4.751727932,      -3.748063484,      -8.677156237
          0,           0,          28,      -4.324580015,      -4.279017722,      -4.747845393,      -3.705222704,      -8.646582264
          0,           0,          29,      -4.289944023,      -4.264431469,      -4.751151087,      -3.665255864,      -8.645902973
          0,           0,          30,      -4.262991336,      -4.253006686,      -4.752598842,       -3.63344715,      -8.669276273
          0,           0,          31,      -4.249716251,      -4.255272814,      -4.757365479,      -3.615752664,      -8.665568765
          0,           0,          32,      -4.256931689,      -4.281905888,      -4.770139143,      -3.619441984,      -8.661398978
          0,           0,          33,      -4.279889284,      -4.317112892,      -4.785867882,      -3.639982338,       -8.65062969
          0,           0,          34,      -4.321753655,      -4.364585178,      -4.794711948,      -3.680738857,      -8.613941676
          0,           0,          35,      -4.378234515,      -4.414361169,        -4.7906986,      -3.738035742,       -8.50732514
          0,           0,          36,      -4.443157274,      -4.459136497,      -4.783412864,      -3.805957745,      -8.302606898
          0,           0,          37,       -4.50738888,      -4.497161507,      -4.776110603,      -3.876273934,      -8.658065667
          0,           0,          38,      -4.537695822,      -4.522261827,       -4.75641997,      -3.916885438,      -8.657278549
          0,           0,          39,      -4.533568059,      -4.535651861,      -4.744851612,      -3.919873463,      -8.656084815
          0,           0,          40,      -4.500191403,      -4.540938374,      -4.725760236,      -3.890127541,      -8.653825878
          0,           0,          41,      -4.455002158,      -4.538295284,      -4.707673688,       -3.84504161,      -8.647873932
          0,           0,          42,      -4.412189791,      -4.535102901,      -4.684855872,      -3.801716034,      -8.653001466
          0,           0,          43,      -4.377269114,      -4.530206638,      -4.666460289,      -3.765998813,      -8.651648035
          0,           0,          44,      -4.347134112,       -4.52696099,      -4.645615199,      -3.735381722,      -8.649308137
          0,           0,          45,      -4.326091552,      -4.525367155,      -4.630487517,      -3.714199925,      -8.648926994
          0,           0,          46,      -4.306251647,       -4.52341996,      -4.614039084,      -3.694543423,      -8.647395776
          0,           0,          47,      -4.292670731,      -4.522474844,      -4.603738692,      -3.681212012,      -8.644382897
          0,           0,          48,      -4.278640663,      -4.519935833,      -4.590774619,      -3.667630652,      -8.637189355
          0,           0,          49,      -4.267907622,       -4.51793629,      -4.582719528,      -3.657205214,      -8.642410363
          0,           0,          50,      -4.257995652,      -4.516476236,      -4.571011122,      -3.647809801,      -8.640866293
          0,           0,          51,      -4.248933881,       -4.51252317,      -4.564542182,      -3.638932166,      -8.639046413
          0,           0,          52,       -4.24104067,      -4.510481372,      -4.552969437,      -3.631582906,      -8.636452431
          0,           0,          53,      -4.234775021,      -4.506570554,      -4.546083413,      -3.625495188,      -8.629756096
          0,           0,          54,      -4.227753575,      -4.502750646,      -4.535895902,        -3.6190281,      -8.608843785
          0,           0,          55,      -4.221945343,        -4.4981843,      -4.528491116,      -3.613342119,      -8.543491667
          0,           0,          56,      -4.214547624,      -4.493567071,      -4.520183357,      -3.606370279,      -8.387801692
          0,           0,          57,      -4.209806788,      -4.489876457,      -4.512452982,      -3.601760245,      -8.142514831
          0,           0,          58,      -4.201415911,      -4.485484454,      -4.505348709,      -3.593814795,      -7.857158798
          0,           0,          59,      -4.197229989,      -4.482303955,      -4.497718798,       -3.58972025,      -7.555916066
          0,           0,          60,      -4.189817503,      -4.478009654,      -4.491122167,      -3.582794448,      -7.139128266
          0,           0,          61,      -4.186713501,      -4.470023279,      -4.485606068,      -3.579820146,      -6.726498735
          0,           0,          62,       -4.18320042,      -4.467369112,        -4.4802339,      -3.576889586,      -6.833282107
          0,           0,          63,      -4.181523595,      -4.465745865,      -4.476568933,      -3.575640891,      -6.801654098
          0,           0,          64,      -4.183045692,      -4.473347978,      -4.475965458,      -3.577848236,      -7.006192535
          0,           0,          65,      -4.185470158,      -4.479409373,      -4.477898871,      -3.580945405,      -7.165635777
          0,           0,          66,      -4.190082468,      -4.481861712,      -4.479906102,      -3.586429416,       -7.28953184
          0,           0,          67,      -4.194997143,      -4.482442779,      -4.481887786,      -3.592183882,      -7.339236779
          0,           0,          68,      -4.201245987,      -4.483502608,      -4.484580199,      -3.599368765,      -7.395790261
          0,           0,          69,      -4.208281654,       -4.48366403,      -4.487967884,      -3.607435162,      -7.434189021
          0,           0,          70,      -4.216149824,      -4.484968055,      -4.492597278,      -3.616411511,      -7.415916101
          0,           0,          71,      -4.224778133,      -4.486601726,      -4.498519517,      -3.626249235,      -7.418623477
          0,           0,          72,      -4.234129574,      -4.488714893,       -4.50569333,        -3.6368667,      -7.413122971
          0,           0,          73,      -4.244224166,      -4.491013003,      -4.513854021,      -3.648290888,       -7.41186795
          0,           0,          74,      -4.254906049,      -4.493568382,      -4.522977978,      -3.660323758,      -7.383871108
          0,           0,          75,        -4.2661832,      -4.496187429,      -4.533118728,      -3.672950422,      -7.366916519
          0,           0,          76,      -4.278067926,      -4.498798432,      -4.544338135,      -3.686175405,       -7.32647731
          0,           0,          77,      -4.290354043,      -4.500904675,       -4.55670842,      -3.699732938,      -7.287481831
          0,           0,          78,      -4.303207352,      -4.502116698,      -4.570055237,      -3.713816246,      -7.254454126
          0,           0,          79,      -4.316467661,      -4.501950126,      -4.584333652,      -3.728225679,      -7.205476384
          0,           0,          80,      -4.330215379,      -4.499941525,      -4.599301499,      -3.743068066,      -7.157462466
          0,           0,          81,      -4.344249563,      -4.496906058,      -4.614872544,      -3.758113418,       -7.09593706
          0,           0,          82,      -4.358504338,      -4.493162162,      -4.630683626,      -3.773246059,      -7.032830733
          0,           0,          83,      -4.372891512,      -4.489841252,       -4.64665894,      -3.788345764,      -6.981192179
          0,           0,          84,      -4.387350751,      -4.487879321,      -4.663294214,      -3.803295828,       -6.92914405
          0,           0,          85,      -4.401852011,      -4.487512917,      -4.680899025,      -3.818032011,      -6.880974382
          0,           0,          86,      -4.416438599,      -4.488919288,      -4.699651847,      -3.832586392,      -6.840087469
          0,           0,          87,      -4.431358357,       -4.49194844,      -4.719235379,      -3.847205422,      -6.803552394
          0,           0,          88,      -4.446864028,       -4.49591243,      -4.738711402,      -3.862158539,      -6.759646428
          0,           0,          89,      -4.463239533,      -4.501371632,      -4.757679754,      -3.877792769,      -6.725660251
          0,           0,          90,      -4.480721417,      -4.507875205,      -4.777037813,      -3.894469176,      -6.700300117
          0,           0,          91,      -4.499518425,      -4.513697038,      -4.797168835,      -3.912572058,      -6.668257523
          0,           0,          92,      -4.519013121,      -4.517367794,      -4.819207488,      -3.931552332,      -6.593248707
          0,           0,          93,      -4.538697866,      -4.518155865,      -4.842060805,      -3.950899584,      -6.466766448
          0,           0,          94,      -4.558173492,      -4.511164169,       -4.86316272,      -3.970155999,      -6.318812678
          0,           0,          95,      -4.576891327,      -4.479909473,      -4.879394191,      -3.988684884,      -6.132451172
          0,           0,          96,        -4.5937866,       -4.41436356,      -4.887664363,      -4.005338352,      -5.855596973
          0,           0,          97,      -4.607423294,      -4.396672669,      -4.888620343,      -4.018530735,      -5.649996263
          0,           0,          98,      -4.619010273,      -4.409744735,      -4.879925033,      -4.029675407,      -5.555958833
          0,           0,          99,      -4.629338065,      -4.403083623,      -4.865998691,       -4.03941274,      -5.503303398
          0,           0,         100,      -4.636000578,      -4.384689327,      -4.849113946,      -4.044918541,      -5.380060211
          0,           0,         101,      -4.636556237,      -4.397055519,      -4.826935155,      -4.044560622,      -5.308323318
          0,           0,         102,      -4.630365299,      -4.392845809,      -4.804898938,      -4.039448973,      -5.279910945
          0,           0,         103,      -4.619692465,       -4.32643713,      -4.786192583,       -4.03266145,      -5.304864668
          0,           0,         104,      -4.610772167,      -4.234958489,      -4.766754312,      -4.029337033,      -5.276409099
          0,           0,         105,      -4.611825694,      -4.254414792,      -4.754215817,      -4.035287238,      -5.268743483
          0,           0,         106,      -4.625961284,      -4.249314682,       -4.74629705,      -4.051115827,       -5.32180526
          0,           0,         107,      -4.646670025,      -4.245070091,      -4.754883139,      -4.070159481,      -5.348231404
          0,           0,         108,      -4.664852017,      -4.258438609,      -4.782535907,      -4.086020155,      -5.392132099
          0,           0,         109,      -4.675878722,      -4.284863118,       -4.82335201,      -4.096215098,      -5.413393425
          0,           0,         110,      -4.680425644,      -4.308545181,      -4.867626096,      -4.101023637,       -5.42796033
          0,           0,         111,      -4.680667449,      -4.326086664,      -4.905204509,      -4.101235385,      -5.452403923
          0,           0,         112,       -4.67804081,      -4.339676146,      -4.932616391,      -4.097678804,      -5.471266328
          0,           0,         113,      -4.673773277,      -4.354573614,      -4.952489587,       -4.09189055,      -5.489146746
          0,           0,         114,      -4.669654164,      -4.373450704,      -4.968571155,      -4.086297165,      -5.514942467
          0,           0,         115,      -4.667785713,      -4.396102489,      -4.983327657,      -4.083463163,      -5.576267241
          0,           0,         116,      -4.669740421,       -4.41924594,      -4.998146595,      -4.085110546,      -5.647518841
          0,           0,         117,      -4.676084969,      -4.440938828,      -5.013990727,      -4.091759679,       -5.76588176
          0,           0,         118,      -4.686597597,      -4.458096028,      -5.030743696,      -4.103079826,       -5.89795083
          0,           0,         119,      -4.700010285,      -4.472281066,      -5.048011192,      -4.117619657,      -6.077174709
          0,           0,         120,      -4.714678271,      -4.485924143,      -5.064969122,      -4.133466622,      -6.295691439
          0,           0,         121,      -4.729204817,       -4.49858945,      -5.080607895,      -4.148821567,      -6.469847414
          0,           0,         122,      -4.742338498,      -4.509914376,      -5.094334284,      -4.162284512,       -6.54083155
          0,           0,         123,      -4.753232509,      -4.520502637,      -5.106352052,      -4.173093243,      -6.568587049
          0,           0,         124,      -4.761897658,      -4.531149274,      -5.117037409,      -4.181364448,      -6.581700015
          0,           0,         125,      -4.768940201,      -4.542257968,      -5.126490272,      -4.187779874,      -6.588088335
          0,           0,         126,      -4.775196731,      -4.553886327,      -5.134585861,      -4.193274818,      -6.591033305
          0,           0,         127,      -4.781352971,      -4.566000428,      -5.141096524,      -4.198641244,      -6.592258011
          0,           0,         128,      -4.787947839,       -4.57854867,      -5.146016377,      -4.204548733,      -6.592661912
          0,           0,         129,      -4.795024747,      -4.591471452,      -5.149415057,      -4.211137096,      -6.592735154
          0,           0,         130,      -4.802190051,      -4.604645091,      -5.151412967,        -4.2180329,      -6.592423272
          0,           0,         131,      -4.808854772,       -4.61789455,      -5.152206933,      -4.224628515,      -6.591709278
          0,           0,         132,      -4.814312615,      -4.630991895,       -5.15186141,      -4.230106716,      -6.590379917
          0,           0,         133,        -4.8178399,      -4.643670253,      -5.150386984,      -4.233523583,       -6.58819629
          0,           0,         134,      -4.818871837,      -4.655669401,      -5.147725787,      -4.234072389,      -6.584923285
          0,           0,         135,      -4.817151794,      -4.666781803,      -5.143936733,      -4.231254379,      -6.580532416
          0,           0,         136,      -4.812615866,      -4.676910554,      -5.139171134,      -4.224819089,      -6.575224179
          0,           0,         137,      -4.805729912,      -4.686123939,      -5.133918071,      -4.215194114,      -6.569564597
          0,           0,         138,      -4.797459489,      -4.694679473,      -5.129035374,      -4.203489776,      -6.564267924
          0,           0,         139,      -4.789178192,      -4.702971009,      -5.125345464,      -4.191394263,      -6.560154399
          0,           0,         140,      -4.782475117,      -4.711433511,      -5.123622186,      -4.181027004,      -6.557893668
          0,           0,         141,      -4.778765955,      -4.720344629,      -5.124180287,      -4.174577139,      -6.557968008
          0,           0,         142,      -4.778168283,       -4.72948237,      -5.126514766,      -4.173194246,      -6.560572066
          0,           0,         143,       -4.77783139,      -4.737855798,      -5.128948018,      -4.174982617,       -6.56556199
          0,           0,         144,       -4.77008399,      -4.743954469,      -5.128660228,      -4.171978012,      -6.572650144
          0,           0,         145,       -4.74623748,      -4.747001387,      -5.123281114,       -4.15269742,      -6.581389809
          0,           0,         146,      -4.705515602,      -4.747988766,      -5.112409059,      -4.113107446,      -6.591151653
          0,           0,         147,      -4.658228491,      -4.749131271,      -5.098138568,      -4.063626843,      -6.601461516
          0,           0,         148,      -4.614268087,      -4.752502633,      -5.083702964,      -4.016270147,      -6.611581544
          0,           0,         149,        -4.5816495,      -4.758385868,      -5.071479501,      -3.980703998,      -6.620822835
          0,           0,         150,      -4.562045219,      -4.766348205,      -5.063495743,      -3.959047712,       -6.62830744
          0,           0,         151,      -4.554927623,      -4.775785423,      -5.060641934,      -3.950720336,      -6.633468179
          0,           0,         152,      -4.558039063,      -4.786462757,      -5.062970904,      -3.953206474,      -6.635993477
          0,           0,         153,      -4.568914907,      -4.798313304,      -5.070057366,      -3.963784893,      -6.635783266
          0,           0,         154,      -4.585500211,      -4.811044386,      -5.081281176,      -3.980233441,      -6.632971011
          0,           0,         155,      -4.605742291,      -4.824007412,      -5.094928082,      -4.000383311,      -6.627865432
          0,           0,         156,      -4.628353057,      -4.836519164,       -5.10988927,      -4.022871204,      -6.620971057
          0,           0,         157,       -4.65204685,      -4.848015407,      -5.125000466,      -4.046384459,      -6.612888612
          0,           0,         158,      -4.675918539,      -4.858112349,      -5.139437406,      -4.069997886,      -6.604310125
          0,           0,         159,      -4.699751556,      -4.866719814,      -5.153192348,      -4.093499855,      -6.595947302
          0,           0,         160,      -4.722828125,      -4.873977772,       -5.16618687,      -4.116194822,      -6.588591843
          0,           0,         161,       -4.74510762,      -4.880265538,      -5.178468931,      -4.138088997,      -6.583033527
          0,           0,         162,      -4.767772953,      -4.886044944,      -5.190129914,      -4.160419559,      -6.579600501
          0,           0,         163,      -4.789449596,      -4.891896362,      -5.201143307,       -4.18188362,      -6.578438471
          0,           0,         164,      -4.810612015,      -4.898378813,      -5.210656443,      -4.202957049,      -6.579559675
          0,           0,         165,      -4.831967601,      -4.905906439,       -5.21848481,      -4.224351809,      -6.582842744
          0,           0,         166,      -4.853607234,      -4.914693186,      -5.225165765,      -4.246173723,      -6.588148499
          0,           0,         167,      -4.875162317,      -4.924800167,      -5.231369748,      -4.268044532,      -6.595231644
          0,           0,         168,      -4.896840677,      -4.936166083,      -5.237680045,      -4.290129329,      -6.603709884
          0,           0,         169,       -4.91940038,      -4.948584001,      -5.244687741,       -4.31317868,      -6.613212858
          0,           0,         170,      -4.942445369,      -4.961645184,      -5.253020996,      -4.336810836,        -6.6233074
          0,           0,         171,      -4.966540517,      -4.974806203,      -5.263023774,      -4.361640648,      -6.633542906
          0,           0,         172,      -4.992126692,      -4.987419462,      -5.274793997,      -4.388206867,      -6.643454607
          0,           0,         173,      -5.019045688,      -4.998973456,      -5.288273004,      -4.416486057,      -6.652690523
          0,           0,         174,      -5.046826858,      -5.009064836,      -5.303113315,      -4.446158112,      -6.660971463
          0,           0,         175,      -5.074228382,      -5.017333403,      -5.318563717,      -4.476093332,      -6.668142765
          0,           0,         176,      -5.098789772,      -5.023682429,      -5.333946497,      -4.503770396,      -6.674098449
          0,           0,         177,      -5.116919805,      -5.028074185,      -5.348332876,      -4.525173783,      -6.678783187
          0,           0,         178,      -5.124222081,      -5.030552584,      -5.360777269,      -4.534991971,      -6.682172419
          0,           0,         179,      -5.116961932,      -5.031212342,      -5.370462574,      -4.528355156,      -6.684316618
          0,           0,         180,      -5.094338158,      -5.030135856,      -5.376754657,       -4.50391823,      -6.685319721
          0,           0,         181,      -5.059368818,       -5.02743285,      -5.379452557,       -4.46528649,      -6.685304054
          0,           0,         182,       -5.01702244,      -5.023267893,      -5.378782988,      -4.418535412,      -6.684432167
          0,           0,         183,      -4.972461919,      -5.017080405,       -5.37424798,      -4.369480842,      -6.682878245
          0,           0,         184,      -4.930418037,      -5.008975888,      -5.365930785,      -4.323391547,      -6.680840677
          0,           0,         185,      -4.892710135,      -4.999613908,      -5.353992082,      -4.282212459,      -6.678569608
          0,           0,         186,      -4.861309013,      -4.990953046,       -5.33809656,       -4.24771043,      -6.676294231
          0,           0,         187,       -4.83603197,      -4.987760508,      -5.322638032,      -4.219900493,      -6.674235965
          0,           0,         188,      -4.814160274,      -4.985082604,      -5.312867627,      -4.195975882,      -6.672588507
          0,           0,         189,      -4.795727931,      -4.978079036,      -5.307997054,       -4.17556434,      -6.671492386
          0,           0,         190,       -4.78365915,      -4.967765435,      -5.303530178,      -4.161365511,       -6.67103661
          0,           0,         191,      -4.778765919,      -4.965612291,      -5.298024221,      -4.154630357,      -6.671248617
          0,           0,         192,      -4.777207484,      -4.974950123,      -5.297829141,      -4.151912887,      -6.672106593
          0,           0,         193,      -4.776059607,      -4.977244289,       -5.30238247,      -4.149614347,      -6.673537997
          0,           0,         194,      -4.780524373,      -4.973065182,      -5.307448559,      -4.153095948,      -6.675432765
          0,           0,         195,      -4.788561113,      -4.983157044,      -5.310770998,      -4.160758246,      -6.677650754
          0,           0,         196,      -4.793356314,      -4.987192455,      -5.317636515,      -4.165438936,        -6.6800469
          0,           0,         197,       -4.80032927,      -4.987459131,      -5.321917457,      -4.172813281,      -6.682490267
          0,           0,         198,       -4.80417527,       -4.99851914,      -5.327241354,      -4.177099663,      -6.684869032
          0,           0,         199,       -4.80792317,      -4.995532501,      -5.333206023,      -4.181494062,      -6.687108725
          0,           0,         200,      -4.813773911,      -5.006820587,      -5.344319651,      -4.187639772,      -6.689166434
          0,           0,         201,      -4.813363873,      -5.012431393,      -5.355099637,      -4.187813716,      -6.691030368
          0,           0,         202,      -4.816085391,      -5.004628099,      -5.366268864,      -4.189863104,       -6.69269895
          0,           0,         203,       -4.82567952,      -5.019588304,      -5.380382045,      -4.198894106,       -6.69418492
          0,           0,         204,      -4.832516066,      -5.036598017,       -5.39453804,       -4.20534114,      -6.695506973
          0,           0,         205,      -4.841765238,      -5.032151521,       -5.40996074,      -4.214380934,      -6.696697836
          0,           0,         206,      -4.858997936,      -5.037604882,      -5.430292325,      -4.231155635,      -6.697778506
          0,           0,         207,      -4.880871652,      -5.057693063,      -5.449164007,      -4.252928981,      -6.698765914
          0,           0,         208,      -4.900503731,      -5.076421543,      -5.468178309,      -4.273041178,      -6.699674998
          0,           0,         209,      -4.920775431,      -5.080300848,      -5.486248366,      -4.293710094,      -6.700524636
          0,           0,         210,      -4.945453529,      -5.079985263,       -5.50198171,      -4.318458558,      -6.701358591
          0,           0,         211,      -4.975191827,      -5.085873159,      -5.516881116,       -4.34842591,      -6.702224258
          0,           0,         212,      -5.005877257,      -5.097527386,      -5.532394061,      -4.379680095,      -6.703162225
          0,           0,         213,      -5.034892444,      -5.111227815,      -5.548389541,      -4.409396041,      -6.704207546
          0,           0,         214,        -5.0616992,      -5.123860306,      -5.566600556,      -4.436965947,      -6.705394656
          0,           0,         215,      -5.087281171,      -5.134313207,      -5.586925287,      -4.463259152,       -6.70674179
          0,           0,         216,      -5.112221361,      -5.142844114,      -5.606846163,      -4.488760601,      -6.708262617
          0,           0,         217,      -5.136713159,       -5.15002303,      -5.624197188,      -4.513673547,      -6.709947649
          0,           0,         218,      -5.161618491,      -5.157065882,      -5.639201936,       -4.53886767,       -6.71179127
          0,           0,         219,      -5.185192416,      -5.164253747,      -5.651316931,      -4.562672261,       -6.71378006
          0,           0,         220,       -5.20872822,       -5.17150836,      -5.661599209,       -4.58649992,      -6.715878226
          0,           0,         221,      -5.232940017,      -5.179392094,      -5.673157768,      -4.610891419,      -6.718014019
          0,           0,         222,      -5.256579819,      -5.187546846,      -5.685707006,      -4.634792084,      -6.720179508
          0,           0,         223,      -5.281297467,      -5.195891813,      -5.700500561,      -4.659977348,      -6.722477984
          0,           0,         224,      -5.306925693,      -5.204087277,      -5.716854694,      -4.686264032,      -6.724839031
          0,           0,         225,       -5.33163355,      -5.211787266,      -5.733534643,       -4.71198349,       -6.72720161
          0,           0,         226,      -5.356924644,      -5.218935838,      -5.751995856,      -4.738656686,      -6.729535073
          0,           0,         227,      -5.381820464,      -5.225427503,      -5.773254368,       -4.76538766,      -6.731816682
          0,           0,         228,      -5.405073814,      -5.231200848,      -5.796500431,      -4.790808319,      -6.734042948
          0,           0,         229,       -5.42615206,      -5.236314372,      -5.820598537,      -4.814331638,      -6.736215362
          0,           0,         230,      -5.443611593,      -5.240828132,      -5.845432103,      -4.834432441,      -6.738311061
          0,           0,         231,      -5.453650737,      -5.244620531,      -5.870775125,      -4.846861934,      -6.740312356
          0,           0,         232,       -5.45929988,      -5.247943338,      -5.896411405,      -4.854308201,      -6.742205688
          0,           0,         233,      -5.460621837,      -5.250988893,      -5.920831925,      -4.856766843,      -6.743979835
          0,           0,         234,      -5.458105804,      -5.253874752,      -5.943741432,      -4.854724074,      -6.745673749
          0,           0,         235,       -5.45418225,      -5.256703979,      -5.964059841,      -4.850677933,      -6.747294355
          0,           0,         236,      -5.450795667,      -5.259713438,      -5.981502282,      -4.846943862,      -6.748814924
          0,           0,         237,      -5.447393026,      -5.262821921,      -5.995664727,      -4.842918711,      -6.750241905
          0,           0,         238,      -5.445129698,      -5.266126633,      -6.007234638,      -4.839940902,      -6.751637073
          0,           0,         239,      -5.444560789,        -5.2696871,        -6.0166059,      -4.838691218,        -6.7529875
          0,           0,         240,      -5.446219073,      -5.273563922,      -6.024174401,       -4.83978485,       -6.75429288
          0,           0,         241,      -5.450235738,      -5.277817382,      -6.030408825,      -4.843416179,      -6.755560584
          0,           0,         242,      -5.456391581,      -5.282463051,      -6.035844389,      -4.849408307,      -6.756801726
          0,           0,         243,      -5.464078208,      -5.287466274,      -6.041198056,      -4.857153406,      -6.758027149
          0,           0,         244,      -5.472818409,      -5.292781052,      -6.045980565,      -4.866147912,      -6.759224531
          0,           0,         245,      -5.481802836,      -5.298342986,      -6.050119348,      -4.875548553,      -6.760407705
          0,           0,         246,      -5.490450938,      -5.304081009,      -6.054297137,      -4.884761731,      -6.761627685
          0,           0,         247,      -5.497538716,      -5.309849087,      -6.057911924,        -4.8924249,      -6.762865293
          0,           0,         248,      -5.502380176,      -5.315562616,      -6.061146623,      -4.897783309,      -6.764100994
          0,           0,         249,      -5.503774981,      -5.321050778,      -6.063576203,      -4.899486273,      -6.765318644
          0,           0,         250,      -5.500981661,      -5.326193535,      -6.065040237,      -4.896687461,      -6.766513098
          0,           0,         251,      -5.494640563,      -5.331066487,      -6.066344937,      -4.890140343,      -6.767676073
          0,           0,         252,      -5.482917674,      -5.335347067,      -6.065818037,      -4.877766248,      -6.768792868
          0,           0,         253,      -5.466294304,      -5.339023562,      -6.063230123,      -4.860108909,      -6.769839614
          0,           0,         254,      -5.445480715,      -5.342094903,      -6.058240691,      -4.837999599,      -6.770831669
          0,           0,         255,      -5.421413483,      -5.344638403,      -6.050907175,      -4.812511709,      -6.771748131
          0,           0,         256,      -5.393541025,      -5.346292073,      -6.039377668,      -4.783041431,      -6.772605908
          0,           0,         257,      -5.365762487,      -5.347362312,      -6.026309343,      -4.753719581,      -6.773395494
          0,           0,         258,      -5.337262635,      -5.347814054,      -6.010272559,       -4.72364611,      -6.774103899
          0,           0,         259,      -5.310267998,      -5.347969319,      -5.994557246,      -4.695134057,      -6.774697152
          0,           0,         260,      -5.286314974,      -5.348322435,       -5.98110695,      -4.669866332,      -6.775195459
          0,           0,         261,      -5.265016069,      -5.348257154,      -5.967830901,      -4.647389094,      -6.775609697
          0,           0,         262,      -5.245893151,      -5.347734417,      -5.953743677,      -4.627159638,      -6.775952205
          0,           0,         263,      -5.228714262,      -5.346639342,      -5.939285891,      -4.608947363,      -6.776238323
          0,           0,         264,      -5.214911689,      -5.345506114,       -5.92596509,      -4.594154926,      -6.776483666
          0,           0,         265,      -5.204557178,      -5.344972918,      -5.914574032,      -4.582895155,      -6.776703403
          0,           0,         266,      -5.198586288,      -5.346226613,      -5.907056105,      -4.576176778,      -6.776913097
          0,           0,         267,      -5.195644475,      -5.349408712,      -5.903906387,       -4.57267272,      -6.777126869
          0,           0,         268,      -5.194253741,      -5.354026013,      -5.903655366,      -4.570810822,      -6.777354748
          0,           0,         269,      -5.194460268,      -5.360264365,      -5.905961339,      -4.570635962,      -6.777605597
          0,           0,         270,      -5.195842927,      -5.367984246,      -5.910101808,      -4.571761224,      -6.777882957
          0,           0,         271,      -5.197976154,      -5.376710807,      -5.915794752,      -4.573746682,      -6.778190844
          0,           0,         272,      -5.200293292,      -5.385574569,      -5.922512644,      -4.575974531,      -6.778525829
          0,           0,         273,      -5.203586772,      -5.394030931,      -5.930360483,      -4.579196358,      -6.778882264
          0,           0,         274,      -5.209184616,      -5.401789182,      -5.939220027,      -4.584796587,      -6.779262346
          0,           0,         275,      -5.214841133,      -5.407699342,      -5.947645085,       -4.59032185,      -6.779666585
          0,           0,         276,      -5.221647977,      -5.411896973,      -5.957126768,      -4.596971609,      -6.780083271
          0,           0,         277,      -5.230662312,      -5.414619225,      -5.965621273,      -4.605879143,      -6.780513508
          0,           0,         278,      -5.241113948,      -5.416792509,      -5.972737616,      -4.616265518,      -6.780942654
          0,           0,         279,      -5.252142647,      -5.418480779,       -5.97834993,      -4.627244451,      -6.781360848
          0,           0,         280,      -5.263198222,      -5.420513519,       -5.98158334,      -4.638352365,      -6.781771928
          0,           0,         281,      -5.272022544,      -5.422532818,       -5.97973776,      -4.647347272,      -6.782170517
          0,           0,         282,      -5.280315225,      -5.425453034,      -5.977759886,      -4.655790601,        -6.7825596
          0,           0,         283,      -5.288959515,      -5.429910334,      -5.977437225,      -4.664543016,      -6.782939239
          0,           0,         284,      -5.298504685,      -5.436669096,      -5.980865818,      -4.674252865,      -6.783317882
          0,           0,         285,      -5.307254216,      -5.444625634,      -5.986288952,      -4.683246237,      -6.783695005
          0,           0,         286,      -5.314743943,      -5.453387311,      -5.993735351,      -4.691055691,      -6.784075799
          0,           0,         287,      -5.320343217,      -5.462432783,      -6.003130655,      -4.697045675,      -6.784462195
          0,           0,         288,        -5.3254031,      -5.471324045,      -6.015244146,      -4.702599932,      -6.784856038
          0,           0,         289,       -5.32875745,      -5.479551569,      -6.029137117,      -4.706516649,      -6.785257996
          0,           0,         290,       -5.32896413,      -5.486628156,      -6.043943429,      -4.707109128,      -6.785670319
          0,           0,         291,       -5.32653379,      -5.491915916,      -6.060104812,      -4.704962764,      -6.786090529
          0,           0,         292,      -5.321622489,      -5.494750346,      -6.076311651,      -4.700192695,      -6.786517229
          0,           0,         293,      -5.315124148,      -5.494959391,      -6.091738802,      -4.693672106,      -6.786948014
          0,           0,         294,      -5.307786225,      -5.493146764,      -6.105653381,      -4.686178224,      -6.787380668
          0,           0,         295,      -5.300693885,      -5.490757741,      -6.119175917,      -4.678871182,      -6.787813434
          0,           0,         296,      -5.293693795,      -5.489021004,      -6.129986183,      -4.671615144,      -6.788244821
          0,           0,         297,      -5.286545295,       -5.48916361,      -6.138818059,      -4.664165693,      -6.788673465
          0,           0,         298,      -5.279613264,      -5.492536603,      -6.146457914,      -4.656988502,      -6.789100458
          0,           0,         299,      -5.272203635,       -5.49965615,      -6.154888478,      -4.649453041,      -6.789523277
          0,           0,         300,      -5.265630303,      -5.508847732,      -6.165712178,       -4.64285493,      -6.789943149
          0,           0,         301,      -5.259124976,      -5.518959933,      -6.179132733,      -4.636343272,      -6.790361687
          0,           0,         302,      -5.251117261,      -5.527418694,      -6.195166366,        -4.6283101,      -6.790780396
          0,           0,         303,      -5.241321137,      -5.529583987,      -6.212111557,      -4.618412367,       -6.79120483
          0,           0,         304,      -5.231616169,      -5.522099488,      -6.227548212,      -4.608472598,      -6.791637758
          0,           0,         305,       -5.22294958,      -5.506994549,      -6.240418719,      -4.599374749,      -6.792080352
          0,           0,         306,      -5.219466425,      -5.495222063,      -6.250701896,      -4.595134141,      -6.792538657
          0,           0,         307,      -5.223785525,      -5.494794657,      -6.260418069,      -4.598619269,      -6.793013285
          0,           0,         308,      -5.233879801,      -5.506762178,      -6.270578574,      -4.608224842,      -6.793502713
          0,           0,         309,       -5.24313157,      -5.527661128,      -6.280369384,       -4.61743109,      -6.794009955
          0,           0,         310,      -5.251107812,      -5.550751336,      -6.290159956,      -4.625734948,      -6.794534775
          0,           0,         311,      -5.256390002,      -5.568387356,      -6.297690439,      -4.631463746,      -6.795074763
          0,           0,         312,       -5.25978246,      -5.576148398,      -6.300546367,      -4.635138573,      -6.795626201
          0,           0,         313,      -5.264790386,      -5.577427122,      -6.298688498,      -4.640267225,      -6.796184229
          0,           0,         314,      -5.267048431,      -5.573288614,      -6.293760447,      -4.642774916,      -6.796744896
          0,           0,         315,      -5.273395565,      -5.570071609,      -6.287454509,      -4.648836389,      -6.797301717
          0,           0,         316,      -5.286374459,      -5.573551314,        -6.2825264,      -4.661237519,      -6.797850356
          0,           0,         317,       -5.30164986,      -5.584094199,      -6.280220498,      -4.676147922,      -6.798385822
          0,           0,         318,       -5.31728791,       -5.59955063,      -6.281352374,      -4.691714925,      -6.798906439
          0,           0,         319,      -5.333373279,      -5.617833615,       -6.28579485,      -4.707900373,       -6.79940808
          0,           0,         320,      -5.348734882,      -5.636994909,      -6.290747283,      -4.723503482,      -6.799888144
          0,           0,         321,      -5.362910929,      -5.655402201,      -6.294427923,      -4.738039617,      -6.800344359
          0,           0,         322,      -5.377332193,      -5.671133216,       -6.29737094,      -4.752864533,      -6.800777331
          0,           0,         323,      -5.394906276,       -5.68372095,      -6.302611633,      -4.770839355,      -6.801187731
          0,           0,         324,      -5.411612696,      -5.693430401,      -6.311067095,      -4.788046822,      -6.801575635
          0,           0,         325,      -5.426587792,      -5.700183691,      -6.323309356,      -4.803709174,      -6.801943686
          0,           0,         326,      -5.436329084,         -5.703281,      -6.339963748,      -4.814283432,      -6.802294812
          0,           0,         327,       -5.44267396,      -5.703481605,       -6.35844984,      -4.821222405,      -6.802631933
          0,           0,         328,      -5.449862152,       -5.70330505,       -6.37673982,      -4.828513702,      -6.802960819
          0,           0,         329,      -5.457519588,      -5.705325537,      -6.392988221,       -4.83595222,      -6.803283174
          0,           0,         330,      -5.473072054,      -5.712916546,      -6.404431781,      -4.851392936,       -6.80360291
          0,           0,         331,      -5.487817615,      -5.726474446,      -6.412574462,      -4.866182338,      -6.803922257
          0,           0,         332,      -5.501416416,      -5.742581963,       -6.42034891,      -4.880042447,      -6.804243952
          0,           0,         333,      -5.509152738,      -5.757771496,       -6.42747813,       -4.88842417,      -6.804568685
          0,           0,         334,       -5.51392493,      -5.770305716,      -6.434506584,      -4.893852521,      -6.804895166
          0,           0,         335,       -5.51542249,      -5.779737531,      -6.440682346,      -4.895854951,      -6.805220587
          0,           0,         336,      -5.513604062,      -5.786780184,      -6.444526632,      -4.894367088,      -6.805549619
          0,           0,         337,      -5.509079501,      -5.792337847,      -6.447384335,      -4.889879659,      -6.805880037
          0,           0,         338,      -5.503199282,      -5.796915785,      -6.449624129,      -4.883820366,      -6.806209262
          0,           0,         339,      -5.500016798,      -5.802281127,      -6.452410932,      -4.880045738,      -6.806535868
          0,           0,         340,      -5.500375403,       -5.81142009,      -6.452457994,      -4.879862743,        -6.8068573
          0,           0,         341,      -5.496527842,      -5.820265578,       -6.45007356,      -4.875869667,      -6.807177314
          0,           0,         342,      -5.491271109,      -5.826839064,      -6.445517686,      -4.870507873,      -6.807495769
          0,           0,         343,      -5.484619859,      -5.830091373,       -6.44069247,      -4.863721692,      -6.807810333
          0,           0,         344,      -5.478929214,      -5.829754229,      -6.436427435,      -4.857848304,      -6.808121804
          0,           0,         345,      -5.472341243,      -5.826640694,      -6.433510273,      -4.851001194,      -6.808430296
          0,           0,         346,      -5.466639212,       -5.82146538,       -6.43236548,      -4.844934154,      -6.808735389
          0,           0,         347,      -5.464576014,      -5.816202856,      -6.432723505,      -4.842428098,      -6.809038274
          0,           0,         348,      -5.469234001,      -5.814178376,      -6.432363341,      -4.846844869,      -6.809339936
          0,           0,         349,      -5.474718807,      -5.819913028,      -6.435249907,      -4.852170072,      -6.809641318
          0,           0,         350,      -5.474084312,      -5.826806467,         -6.440578,       -4.85139365,      -6.809943289
          0,           0,         351,      -5.470349662,      -5.832813366,      -6.444052988,       -4.84744363,      -6.810245504
          0,           0,         352,      -5.469589018,      -5.839883111,        -6.4467342,      -4.846355156,      -6.810549015
          0,           0,         353,      -5.472315849,      -5.848800752,      -6.449454816,      -4.848820087,      -6.810857038
          0,           0,         354,       -5.47540269,      -5.860961456,      -6.455202881,      -4.851753567,      -6.811168533
          0,           0,         355,      -5.477101951,       -5.87609324,      -6.463599484,      -4.853430069,      -6.811482558
          0,           0,         356,      -5.477567403,      -5.890480332,      -6.469987756,      -4.853898958,      -6.811798948
          0,           0,         357,      -5.480189037,      -5.902565722,      -6.477653975,      -4.856490134,      -6.812117574
          0,           0,         358,      -5.478404271,      -5.910650577,      -6.489874985,      -4.854727174,       -6.81243838
          0,           0,         359,       -5.47555895,      -5.914141862,      -6.503197748,      -4.851693542,      -6.812761409
          0,           0,         360,      -5.474396576,      -5.913155449,      -6.517798391,      -4.850172613,      -6.813087083
          0,           0,         361,      -5.480268354,      -5.909900656,      -6.528718094,      -4.855559553,      -6.813415805
          0,           0,         362,      -5.489788318,      -5.912902508,      -6.536022382,      -4.864876309,      -6.813748042
          0,           0,         363,      -5.497622506,      -5.924152727,       -6.53976451,      -4.872429973,       -6.81408416
          0,           0,         364,      -5.505335836,      -5.938168246,      -6.542435575,      -4.879950073,      -6.814424236
          0,           0,         365,      -5.512434731,      -5.949860845,      -6.545516267,      -4.887055593,      -6.814767625
          0,           0,         366,      -5.519284369,      -5.957339257,      -6.550606225,      -4.894017108,      -6.815113601
          0,           0,         367,      -5.525408179,      -5.961064019,      -6.559239119,      -4.900239031,       -6.81546184
          0,           0,         368,      -5.530801362,      -5.961791441,      -6.567403721,       -4.90561744,      -6.815810929
          0,           0,         369,      -5.537333366,      -5.961614297,      -6.575947281,      -4.911943125,      -6.816159076
          0,           0,         370,      -5.555846809,      -5.965899738,      -6.581220976,      -4.930125788,      -6.816505402
          0,           0,         371,      -5.574651738,      -5.982368449,      -6.592599953,      -4.948787832,      -6.816848973
          0,           0,         372,      -5.591033756,      -6.003951983,      -6.607079241,      -4.965322459,      -6.817188964
          0,           0,         373,      -5.603443731,      -6.024358246,      -6.620276738,      -4.978178555,      -6.817524616
          0,           0,         374,      -5.612682381,       -6.04043673,       -6.63088432,      -4.987871742,      -6.817855311
          0,           0,         375,      -5.620579018,      -6.052641132,      -6.638856762,      -4.996058685,      -6.818180572
          0,           0,         376,      -5.627260109,      -6.062858578,      -6.644509565,      -5.002866228,      -6.818499993
          0,           0,         377,      -5.632999012,      -6.072516869,      -6.648245516,        -5.0086252,      -6.818813224
          0,           0,         378,      -5.638701933,      -6.082271723,      -6.651675896,      -5.014281181,      -6.819119968
          0,           0,         379,      -5.644389213,      -6.092710698,      -6.655299729,      -5.019913363,       -6.81941999
          0,           0,         380,      -5.651834223,       -6.10370616,      -6.660021383,      -5.027325828,      -6.819713128
          0,           0,         381,      -5.659161817,      -6.114443942,      -6.664690717,      -5.034566613,      -6.819999295
          0,           0,         382,       -5.66967677,      -6.126441674,      -6.669838488,      -5.044881031,       -6.82027846
          0,           0,         383,      -5.682494817,      -6.142065147,      -6.677316357,      -5.057529562,      -6.820550655
          0,           0,         384,      -5.694054405,       -6.16237576,      -6.687526052,      -5.069050261,      -6.820815902
          0,           0,         385,      -5.705205146,      -6.184405525,      -6.700753992,      -5.080222167,      -6.821074227
          0,           0,         386,      -5.715835842,      -6.205893833,      -6.716323363,      -5.091021371,      -6.821325937
          0,           0,         387,      -5.724357074,      -6.223729396,      -6.731357862,      -5.099851448,       -6.82157071
          0,           0,         388,      -5.730983792,      -6.235560651,       -6.74500455,      -5.106754619,      -6.821808228
          0,           0,         389,      -5.736039929,      -6.241025599,      -6.756871251,      -5.111990078,      -6.822038205
          0,           0,         390,      -5.739077282,      -6.241891376,      -6.765724434,      -5.115175395,      -6.822259799
          0,           0,         391,      -5.738717201,      -6.238760302,      -6.770994334,      -5.114955789,      -6.822472587
          0,           0,         392,      -5.736449973,       -6.23166317,      -6.774025772,      -5.112640202,      -6.822676023
          0,           0,         393,      -5.733501232,      -6.222043391,      -6.775506385,      -5.109486395,      -6.822869578
          0,           0,         394,      -5.730473047,      -6.211225505,      -6.775998046,       -5.10617286,      -6.823052844
          0,           0,         395,      -5.727368622,      -6.200240937,      -6.775986414,      -5.102760858,      -6.823225562
          0,           0,         396,      -5.731639033,      -6.189679285,      -6.772882018,      -5.106550986,       -6.82338766
          0,           0,         397,      -5.743385095,      -6.185897435,      -6.769011472,      -5.117791223,      -6.823539266
          0,           0,         398,      -5.753849361,      -6.193342091,      -6.771935763,      -5.127951624,      -6.823680703
          0,           0,         399,      -5.762687408,      -6.206673225,      -6.780309796,      -5.136716347,      -6.823812507
          0,           0,         400,       -5.76972173,      -6.220754947,      -6.790450755,      -5.143849838,      -6.823935392
          0,           0,         401,      -5.774865531,      -6.232774651,      -6.800371861,      -5.149142645,      -6.824050136
          0,           0,         402,      -5.778212003,      -6.241602345,      -6.809349603,      -5.152595188,      -6.824157524
          0,           0,         403,      -5.781126298,      -6.246950627,      -6.817660173,      -5.155496464,      -6.824258328
          0,           0,         404,      -5.789285685,       -6.25033732,      -6.825488867,       -5.16340044,      -6.824353277
          0,           0,         405,      -5.808009266,      -6.259045178,      -6.830978726,      -5.181778395,      -6.824443036
          0,           0,         406,      -5.822268354,      -6.278814166,      -6.842305198,      -5.195897233,      -6.824528205
          0,           0,         407,      -5.834308953,      -6.303194867,      -6.857139178,      -5.208037577,      -6.824609347
          0,           0,         408,      -5.844765572,      -6.326426805,      -6.872568346,      -5.218753531,      -6.824686925
          0,           0,         409,      -5.853993289,       -6.34644852,      -6.886824449,      -5.228258097,        -6.8247613
          0,           0,         410,      -5.862492861,      -6.363519143,      -6.899398819,      -5.236958125,       -6.82483274
          0,           0,         411,      -5.872735268,       -6.38153787,       -6.91006226,      -5.247301333,      -6.824901445
          0,           0,         412,      -5.882279649,      -6.396893371,      -6.920327908,      -5.256924395,      -6.824967604
          0,           0,         413,      -5.890882418,      -6.410743549,      -6.929765079,      -5.265553813,      -6.825031418
          0,           0,         414,      -5.899231374,      -6.423939096,      -6.938813054,      -5.273900277,      -6.825093102
          0,           0,         415,      -5.907437817,      -6.436838532,      -6.947703435,      -5.282101262,       -6.82515288
          0,           0,         416,      -5.915334262,      -6.449540585,       -6.95644143,      -5.290005062,      -6.825210999
          0,           0,         417,      -5.922990018,      -6.462097699,      -6.965106266,      -5.297677006,      -6.825267716
          0,           0,         418,      -5.930386147,      -6.474497159,      -6.973673546,      -5.305095248,       -6.82532328
          0,           0,         419,      -5.934324619,      -6.485201059,      -6.980639121,       -5.30920129,      -6.825377903
          0,           0,         420,      -5.939887662,      -6.492659645,      -6.987557704,      -5.314740674,      -6.825431787
          0,           0,         421,      -5.945323199,      -6.498905923,      -6.994939063,       -5.32010729,      -6.825485142
          0,           0,         422,      -5.950385567,      -6.504375475,      -7.002405055,       -5.32510077,       -6.82553812
          0,           0,         423,      -5.955548413,      -6.509697893,       -7.00971899,      -5.330179529,      -6.825590822
          0,           0,         424,      -5.960942904,      -6.515450388,      -7.017057461,      -5.335481253,      -6.825643318
          0,           0,         425,      -5.966251329,      -6.521837083,       -7.02405855,      -5.340696422,      -6.825695632
          0,           0,         426,       -5.97191388,      -6.529032969,      -7.031099427,      -5.346243142,      -6.825747745
          0,           0,         427,      -5.977931149,      -6.537105312,      -7.038524824,      -5.352144335,      -6.825799606
          0,           0,         428,       -5.98423222,      -6.546002226,      -7.046474292,      -5.358335446,      -6.825851142
          0,           0,         429,      -5.990664997,      -6.555642794,       -7.05497102,      -5.364664967,      -6.825902274
          0,           0,         430,      -5.997008558,      -6.565895034,      -7.064029192,      -5.370911926,      -6.825952923
          0,           0,         431,      -6.003349082,      -6.576625187,      -7.073216689,       -5.37715429,      -6.826003026
          0,           0,         432,      -6.010891317,      -6.587496774,       -7.08228839,      -5.384588832,       -6.82605254
          0,           0,         433,      -6.018737425,      -6.598386259,      -7.091102041,       -5.39231584,      -6.826101435
          0,           0,         434,      -6.028256592,      -6.609340651,      -7.101026323,      -5.401649825,      -6.826149692
          0,           0,         435,      -6.039578214,      -6.622820787,      -7.114492898,      -5.412759814,      -6.826197295
          0,           0,         436,       -6.05354447,      -6.639278771,      -7.130166552,      -5.426593807,      -6.826244227
          0,           0,         437,      -6.068192198,      -6.658450673,      -7.145782989,      -5.441201796,      -6.826290455
          0,           0,         438,      -6.082685703,      -6.679384819,       -7.16153196,        -5.4557431,      -6.826335924
          0,           0,         439,      -6.096740625,      -6.700255117,      -7.177538371,      -5.469934313,      -6.826380562
          0,           0,         440,      -6.109843273,      -6.719667613,      -7.193471593,       -5.48322667,      -6.826424283
          0,           0,         441,      -6.120922347,      -6.737610042,      -7.208716418,      -5.494482449,      -6.826466982
          0,           0,         442,       -6.13462317,       -6.75033087,      -7.223253901,      -5.508153353,      -6.826508541
          0,           0,         443,      -6.148511149,      -6.762708652,      -7.237440442,      -5.522042268,       -6.82654882
          0,           0,         444,      -6.162102645,      -6.774878753,      -7.251633139,      -5.535681338,      -6.826587675
          0,           0,         445,      -6.175136323,      -6.786728622,      -7.265393871,      -5.548793536,      -6.826624976
          0,           0,         446,       -6.18751766,      -6.798177159,      -7.278370483,      -5.561265959,      -6.826660612
          0,           0,         447,      -6.199251108,      -6.809161945,      -7.290477814,      -5.573089987,      -6.826694487
          0,           0,         448,      -6.210395055,      -6.819657907,      -7.301811627,        -5.5843161,      -6.826726519
          0,           0,         449,      -6.220990205,       -6.82971537,      -7.312397439,      -5.594983727,      -6.826756644
          0,           0,         450,      -6.231151549,       -6.83945147,      -7.322521107,      -5.605201674,      -6.826784808
          0,           0,         451,      -6.241032942,      -6.849004579,      -7.332465611,      -5.615119125,      -6.826810973
          0,           0,         452,      -6.250749094,      -6.858527124,      -7.342263938,      -5.624853194,      -6.826835114
          0,           0,         453,      -6.260409873,      -6.868148202,      -7.351896802,      -5.634515962,      -6.826857214
          0,           0,         454,      -6.270119048,      -6.877972296,      -7.361343985,       -5.64421269,      -6.826877265
          0,           0,         455,      -6.279969468,      -6.888051754,      -7.370609928,      -5.654037921,      -6.826895265
          0,           0,         456,      -6.290037151,      -6.898368571,      -7.379722021,      -5.664069733,      -6.826911221
          0,           0,         457,      -6.300420964,      -6.909015129,       -7.38866218,       -5.67440793,      -6.826925149
          0,           0,         458,      -6.311171184,      -6.919970076,      -7.397501804,      -5.685105791,      -6.826937079
          0,           0,         459,      -6.322319053,      -6.931200479,      -7.406310677,      -5.696197139,      -6.826947052
          0,           0,         460,      -6.333876413,      -6.942667299,      -7.415161637,      -5.707696011,      -6.826955129
          0,           0,         461,      -6.344808128,      -6.954746684,      -7.423831781,      -5.718655791,      -6.826961384
          0,           0,         462,      -6.354248453,       -6.96533974,      -7.431534632,      -5.728180166,      -6.826965913
          0,           0,         463,      -6.362902234,       -6.97310154,      -7.439249071,      -5.736856099,      -6.826968825
          0,           0,         464,      -6.371364081,       -6.97775361,      -7.447421863,      -5.745268134,       -6.82697025
          0,           0,         465,      -6.379996269,      -6.979952297,        -7.4560647,      -5.753803164,      -6.826970334
          0,           0,         466,      -6.388934836,      -6.980767977,      -7.465061726,      -5.762623125,      -6.826969229
          0,           0,         467,       -6.39813083,      -6.981153396,      -7.474345328,      -5.771700236,      -6.826967092
          0,           0,         468,      -6.405332511,      -6.982380139,      -7.482165592,      -5.778974251,      -6.826964077
          0,           0,         469,      -6.411130195,      -6.980979901,      -7.489184031,      -5.784783577,      -6.826960342
          0,           0,         470,      -6.416624429,      -6.977673467,      -7.495282403,      -5.790199798,      -6.826956031
          0,           0,         471,      -6.422399619,      -6.973142136,      -7.500634862,      -5.795850835,      -6.826951291
          0,           0,         472,      -6.428610206,      -6.968583199,      -7.505708087,      -5.801930444,      -6.826946254
          0,           0,         473,      -6.435157714,      -6.964865853,       -7.51082813,       -5.80836077,      -6.826941042
          0,           0,         474,      -6.441835995,      -6.962346144,      -7.516124239,      -5.814943887,      -6.826935759
          0,           0,         475,      -6.448425237,      -6.961016344,      -7.521609508,      -5.821460908,      -6.826930503
          0,           0,         476,      -6.454743559,      -6.960675685,      -7.527250618,      -5.827726577,       -6.82692536
          0,           0,         477,       -6.46066672,        -6.9610522,      -7.533003819,      -5.833611325,      -6.826920412
          0,           0,         478,       -6.46613159,      -6.961877905,      -7.538829357,        -5.8390462,      -6.826915732
          0,           0,         479,      -6.471128381,      -6.962929925,      -7.544693336,      -5.844016172,      -6.826911385
          0,           0,         480,      -6.475687271,       -6.96404706,      -7.550567161,      -5.848547398,      -6.826907433
          0,           0,         481,       -6.47986352,      -6.965129717,       -7.55645759,      -5.852692625,      -6.826903926
          0,           0,         482,      -6.483721657,      -6.966128064,      -7.562320267,      -5.856515256,      -6.826900915
          0,           0,         483,       -6.48732687,       -6.96703132,      -7.568123766,      -5.860080607,      -6.826898439
          0,           0,         484,      -6.490733319,      -6.967847408,      -7.573855246,      -5.863443975,      -6.826896536
          0,           0,         485,      -6.493978435,       -6.96858886,      -7.579498161,      -5.866644521,      -6.826895235
          0,           0,         486,      -6.497080638,      -6.969261758,      -7.585030143,      -5.869702601,      -6.826894556
          0,           0,         487,      -6.500039484,      -6.969858558,      -7.590423616,      -5.872619565,      -6.826894513
          0,           0,         488,      -6.502837303,      -6.970354158,      -7.595644071,      -5.875379245,      -6.826895114
          0,           0,         489,      -6.505260577,      -6.971030377,      -7.606350684,      -5.877776361,      -6.826896356
          0,           0,         490,       -6.50738389,      -6.971179793,      -7.614652229,      -5.879878038,       -6.82689823
          0,           0,         491,      -6.509263428,      -6.970907299,      -7.621091058,       -5.88173334,       -6.82690072
          0,           0,         492,      -6.510914852,      -6.970225021,      -7.626339966,      -5.883358573,      -6.826903798
          0,           0,         493,      -6.512310946,       -6.96910822,       -7.63080227,       -5.88472989,       -6.82690743
          0,           0,         494,      -6.513391743,      -6.967521877,      -7.634649429,      -5.885790546,      -6.826911572
          0,           0,         495,      -6.514067995,      -6.965412037,      -7.637890797,      -5.886454093,      -6.826916177
          0,           0,         496,      -6.514196758,      -6.962660246,      -7.640486329,       -5.88658086,      -6.826921192
          0,           0,         497,      -6.513657567,      -6.959181457,      -7.642244985,      -5.886052953,      -6.826926563
          0,           0,         498,      -6.548699219,       -6.95413821,       -7.63368569,       -5.91953091,      -6.826932236
          0,           0,         499,      -6.588091332,      -6.966698733,      -7.635383919,      -5.957650467,      -6.826938153
          0,           0,         500,      -6.619237406,      -6.997837519,      -7.654918604,      -5.988432608,      -6.826944269
          0,           0,         501,       -6.64412207,      -7.038719618,      -7.684579745,      -6.013677725,      -6.826950539
          0,           0,         502,      -6.663882283,      -7.082127544,       -7.71765044,       -6.03420004,      -6.826956927
          0,           0,         503,      -6.679627399,      -7.123664905,      -7.749460439,      -6.050783608,      -6.826963403
          0,           0,         504,      -6.692455512,      -7.160939109,       -7.77768514,      -6.064332112,      -6.826969939
          0,           0,         505,      -6.703340139,      -7.192806505,      -7.801825368,      -6.075751494,      -6.826976507
          0,           0,         506,      -6.713091249,       -7.21905465,      -7.822297115,      -6.085853728,      -6.826983075
          0,           0,         507,      -6.722355163,      -7.240185334,      -7.839779814,      -6.095314491,      -6.826989609
          0,           0,         508,      -6.731622681,      -7.257136364,      -7.854957508,      -6.104660839,      -6.826996076
          0,           0,         509,      -6.741241551,      -7.270999665,      -7.868448535,      -6.114274907,      -6.827002439
          0,           0,         510,      -6.751404186,      -7.282767173,      -7.880759922,      -6.124378279,      -6.827008656
          0,           0,         511,      -6.762255571,      -7.293349128,      -7.892325428,      -6.135139077,       -6.82701468
          0,           0,         512,        -6.7738271,      -7.303394462,      -7.903452114,       -6.14660453,      -6.827020457
          0,           0,         513,      -6.786090169,      -7.313345275,      -7.914338082,      -6.158757602,      -6.827025933
          0,           0,         514,      -6.798977867,      -7.323468557,      -7.925098609,      -6.171539375,      -6.827031052
          0,           0,         515,      -6.812399287,      -7.333896168,      -7.935795877,      -6.184863997,      -6.827035761
          0,           0,         516,      -6.826250545,      -7.344663992,       -7.94646282,      -6.198630416,      -6.827040014
          0,           0,         517,      -6.840423715,       -7.35574491,      -7.957128929,      -6.212731924,      -6.827043772
          0,           0,         518,      -6.854812259,      -7.367073985,      -7.967833329,      -6.227062149,       -6.82704701
          0,           0,         519,      -6.869314359,      -7.378566659,      -7.978626286,      -6.241518793,      -6.827049714
          0,           0,         520,      -6.883834899,      -7.390131569,      -7.989561347,      -6.256005894,      -6.827051884
          0,           0,         521,      -6.898286609,      -7.401679437,      -8.000684319,      -6.270435149,      -6.827053535
          0,           0,         522,      -6.912590668,      -7.413129079,      -8.012021796,      -6.284726655,       -6.82705469
          0,           0,         523,      -6.926676789,      -7.424411301,      -8.023571679,      -6.298809102,      -6.827055383
          0,           0,         524,      -6.940483034,      -7.435471059,       -8.03529653,      -6.312619674,      -6.827055655
          0,           0,         525,      -6.953955173,      -7.446268082,      -8.047123839,       -6.32610346,      -6.827055548
          0,           0,         526,      -6.967047883,      -7.456775946,      -8.058950005,      -6.339214706,      -6.827055105
          0,           0,         527,      -6.979715722,      -7.466980925,      -8.070647183,      -6.351907747,      -6.827054369
          0,           0,         528,      -6.991919028,      -7.476875547,       -8.08208122,      -6.364142899,      -6.827053376
          0,           0,         529,      -7.003623493,       -7.48645563,      -8.093121898,      -6.375885918,       -6.82705216
          0,           0,         530,       -7.01479718,       -7.49571807,      -8.103652182,      -6.387104897,       -6.82705075
          0,           0,         531,      -7.025410284,      -7.504657467,      -8.113578369,      -6.397769939,      -6.827049169
          0,           0,         532,      -7.035435359,      -7.513263487,      -8.122837216,      -6.407853313,      -6.827047437
          0,           0,         533,       -7.04484822,      -7.521519634,      -8.131400123,      -6.417330262,       -6.82704557
          0,           0,         534,      -7.053629494,      -7.529403583,      -8.139274847,      -6.426180484,      -6.827043582
          0,           0,         535,      -7.061766621,      -7.536888874,      -8.146504415,      -6.434390092,      -6.827041489
          0,           0,         536,       -7.06925599,      -7.543947636,      -8.153163173,       -6.44195377,      -6.827039303
          0,           0,         537,      -7.076104881,      -7.550553864,      -8.159349844,      -6.448876779,      -6.827037043
          0,           0,         538,      -7.082332939,      -7.556686825,      -8.165177778,       -6.45517655,      -6.827034728
          0,           0,         539,      -7.087972856,       -7.56233419,      -8.170765015,      -6.460883507,      -6.827032379
          0,           0,         540,      -7.093070294,      -7.567494598,      -8.176223758,      -6.466041139,      -6.827030023
          0,           0,         541,      -7.097682976,      -7.572179452,      -8.181651178,      -6.470705228,      -6.827027688
          0,           0,         542,      -7.101879079,      -7.576413809,      -8.187122971,       -6.47494235,      -6.827025406
          0,           0,         543,      -7.105735091,      -7.580236299,      -8.192690035,      -6.478827807,      -6.827023208
          0,           0,         544,      -7.109333295,      -7.583698092,      -8.198378728,      -6.482443137,      -6.827021125
          0,           0,         545,      -7.112759093,      -7.586860977,      -8.204193141,      -6.485873444,      -6.827019189
          0,           0,         546,      -7.116098299,      -7.589794682,      -8.210120434,      -6.489204655,      -6.827017426
          0,           0,         547,      -7.119434515,      -7.592573697,      -8.216137544,      -6.492520842,       -6.82701586
          0,           0,         548,      -7.122846785,      -7.595273869,      -8.222216997,      -6.495901823,      -6.827014511
          0,           0,         549,      -7.126407611,      -7.597969094,      -8.228332962,      -6.499421094,       -6.82701339
          0,           0,         550,      -7.130181424,      -7.600728381,      -8.234466348,      -6.503144231,      -6.827012504
          0,           0,         551,      -7.134223574,      -7.603613521,      -8.240608211,      -6.507127808,      -6.827011854
          0,           0,         552,      -7.138579849,      -7.606677482,       -8.24676168,      -6.511418849,      -6.827011437
          0,           0,         553,      -7.143286524,      -7.609963577,      -8.252942052,      -6.516054815,      -6.827011242
          0,           0,         554,       -7.14837084,      -7.613505342,       -8.25917601,      -6.521064044,      -6.827011257
          0,           0,         555,      -7.153851799,      -7.617327007,      -8.265499442,      -6.526466518,      -6.827011466
          0,           0,         556,      -7.159741126,      -7.621444464,      -8.271951881,      -6.532274827,      -6.827011852
          0,           0,         557,      -7.166044522,      -7.625866325,        -8.2785792,      -6.538495319,      -6.827012396
          0,           0,         558,      -7.172763459,      -7.630595461,      -8.285431075,      -6.545130035,      -6.827013081
          0,           0,         559,      -7.179895266,      -7.635629402,      -8.292532692,      -6.552176564,      -6.827013891
          0,           0,         560,      -7.187433754,      -7.640965061,      -8.299920515,      -6.559629302,      -6.827014813
          0,           0,         561,      -7.195369677,      -7.646596458,      -8.307616947,      -6.567479543,      -6.827015832
          0,           0,         562,       -7.20369169,      -7.652516093,      -8.315629421,      -6.575716328,      -6.827016938
          0,           0,         563,       -7.21238687,      -7.658716313,      -8.323952665,       -6.58432706,      -6.827018119
          0,           0,         564,      -7.221440839,      -7.665190037,      -8.332570351,      -6.593297713,      -6.827019367
          0,           0,         565,      -7.230837699,      -7.671931013,      -8.341456806,      -6.602612789,      -6.827020671
          0,           0,         566,      -7.240559802,      -7.678933727,      -8.350579164,      -6.612255104,      -6.827022023
          0,           0,         567,      -7.250587436,      -7.686193028,      -8.359900137,      -6.622205471,      -6.827023412
          0,           0,         568,      -7.260898456,      -7.693703557,      -8.369380588,      -6.632442335,      -6.827024829
          0,           0,         569,      -7.271467915,      -7.701459036,      -8.378982208,      -6.642941391,      -6.827026263
          0,           0,         570,      -7.282267754,      -7.709451504,      -8.388669469,      -6.653675254,        -6.8270277
          0,           0,         571,      -7.293266595,      -7.717670579,       -8.39841095,      -6.664613237,       -6.82702913
          0,           0,         572,      -7.304429713,      -7.726102812,      -8.408180257,      -6.675721287,      -6.827030538
          0,           0,         573,      -7.315719084,      -7.734731223,       -8.41795602,      -6.686962015,      -6.827031909
          0,           0,         574,      -7.327094025,      -7.743535055,       -8.42772227,      -6.698295288,      -6.827033232
          0,           0,         575,      -7.338511367,      -7.752489705,       -8.43746608,      -6.709678379,      -6.827034492
          0,           0,         576,      -7.349925711,      -7.761566857,      -8.447174718,      -6.721066222,      -6.827035677
          0,           0,         577,      -7.361291255,      -7.770735032,      -8.456838429,      -6.732413206,      -6.827036777
          0,           0,         578,      -7.372562324,      -7.779960191,      -8.466447234,      -6.743673668,      -6.827037783
          0,           0,         579,      -7.383694357,      -7.789206488,      -8.475989466,      -6.754802877,      -6.827038688
          0,           0,         580,      -7.394644847,      -7.798437113,      -8.485450686,      -6.765757999,      -6.827039488
          0,           0,         581,      -7.405374213,      -7.807615171,      -8.494813326,      -6.776498976,      -6.827040178
          0,           0,         582,      -7.415846546,      -7.816704573,      -8.504056501,      -6.786989296,      -6.827040758
          0,           0,         583,      -7.426030221,      -7.825670853,      -8.513156531,      -6.797196621,      -6.827041228
          0,           0,         584,      -7.435898335,      -7.834481859,       -8.52208757,      -6.807093251,      -6.827041591
          0,           0,         585,      -7.445428977,      -7.843108296,      -8.530822452,      -6.816656418,      -6.827041849
          0,           0,         586,      -7.454605311,      -7.851524082,      -8.539333723,      -6.825868397,      -6.827042007
          0,           0,         587,      -7.463415497,      -7.859706521,      -8.547594774,      -6.834716447,      -6.827042069
          0,           0,         588,      -7.471852466,      -7.867636313,      -8.555581034,      -6.843192612,      -6.827042041
          0,           0,         589,      -7.479913581,       -7.87529742,      -8.563270962,      -6.851293396,      -6.827041926
          0,           0,         590,      -7.487600223,      -7.882676827,      -8.570647131,      -6.859019363,      -6.827041732
          0,           0,         591,      -7.494917339,      -7.889764273,      -8.577697074,      -6.866374695,      -6.827041463
          0,           0,         592,      -7.501872993,      -7.896551948,      -8.584413798,      -6.873366751,      -6.827041125
          0,           0,         593,      -7.508477963,      -7.903034273,      -8.590796164,      -6.880005659,      -6.827040725
          0,           0,         594,      -7.514745374,      -7.909207714,      -8.596849031,      -6.886303962,      -6.827040267
          0,           0,         595,      -7.520690397,      -7.915070699,      -8.602583287,      -6.892276308,       -6.82703976
          0,           0,         596,      -7.526619299,      -7.920667458,      -8.608081278,      -6.898223635,      -6.827039208
          0,           0,         597,      -7.532304647,      -7.925951381,      -8.613284781,      -6.903916727,       -6.82703862
          0,           0,         598,      -7.537653992,      -7.930917791,      -8.618234949,      -6.909269663,      -6.827038002
